"ResponseId","affective_pol","stance_pls","TOXICITY","NUANCE_EXPERIMENTAL","REASONING_EXPERIMENTAL","RESPECT_EXPERIMENTAL"
"R_6VGQVWZTc9sVsIx",0.5498555191790753,-0.3588321953585898,0.30716252,0.65250087,0.49904978,0.090298645
"R_3dmZXtHPqjTGcwk",0.5103842889711471,-0.36200192415934046,0.071337044,0.9275979,0.9346523,0.8582048
"R_76nDZ7FMHrfsf6M",0.5356772405309894,-0.3250001467298619,0.11419344,0.9117124,0.8890605,0.82787675
"R_1vYnHj8Q9Mm338d",0.5063348488798561,-0.32803485203277133,0.07450261,0.8485735,0.8594275,0.82477105
"R_1PFRskTIr1D9nXs",0.5233076650163958,-0.4456325026597991,0.03781283,0.695778,0.6880885,0.75735354
"R_31BDmGfoySbtiF6",0.5506204319440283,-0.33020725075098173,0.20839658,0.87163955,0.8516601,0.6207543
"R_5nrDaSVB20ePqiI",0.5841856009903699,-0.4083880435437749,0.36456755,0.45431757,0.46115032,0.20358625
"R_3NBOakBVtgGpnIw",0.5513208324562662,-0.44706642197576,0.13561769,0.8439711,0.8931627,0.87998325
"R_7zBDAP9QCyeV3d0",0.5129454339212484,-0.3562475292131349,0.09741997,0.7790115,0.6765297,0.86227566
"R_3a18kqlieRlMUx3",0.5365313244958275,-0.3752424158074574,0.17025198,0.88191974,0.7894488,0.5992224
"R_3S3l3J6e2pWYTvj",0.5363725887633105,-0.35307151017014954,0.17025198,0.8839479,0.8437263,0.7550501
"R_349udtDDTh6nz9f",0.53672100576493,-0.36943746540772326,0.115658075,0.57147276,0.4788243,0.18207537
"R_76nLdAnTjBW4Eac",0.5459509407266606,-0.3565798356351988,0.23415339,0.71059674,0.72937024,0.77181554
"R_5zzr47rnxH6BS0x",0.5564320866802798,-0.3308911034476771,0.36095104,0.80557555,0.64735353,0.33884993
"R_3DiPKy0gdzluCnD",0.5356470220402156,-0.2914818541959977,0.05750068,0.7760941,0.81467384,0.7141184
"R_5kMKDUUZbv7K3oJ",0.5196492276667477,-0.3186628449760238,0.2854699,0.84070647,0.7444082,0.7881361
"R_7BQ8WqvP0pNTp61",0.5159636141788375,-0.39302214983306216,0.15711457,0.9074782,0.9117284,0.7998597
"R_6Jx9H6AQFChL8T8",0.5946910400455735,-0.302653725614246,0.25462922,0.8415237,0.7647786,0.38804084
"R_6FjhwioiDOgypnH",0.5390873493314728,-0.3580378744904817,0.19599396,0.7500329,0.6111717,0.49159798
"R_5bQOoyGkNtuEaFX",0.5058113815019993,-0.3694287892503593,0.08004235,0.8550227,0.93629813,0.8786199
"R_6MXMgKywSpAi5DS",0.5529269995112812,-0.34332498032773123,0.39915034,0.82925045,0.74310714,0.4111868
"R_54DEgntOqhRtjix",0.5758085743442667,-0.37545168761045583,0.25727063,0.7770058,0.7784225,0.7857973
"R_12JAywnK7MpFNPX",0.5559155485073061,-0.330726083462726,0.04760506,0.8374306,0.8880243,0.8796428
"R_31XaJA8aGelWWtP",0.5514922268756411,-0.32219834617523835,0.3266089,0.8415237,0.7833373,0.3977894
"R_1uqxafQQqH9MyRl",0.5537650551525101,-0.35461178088666534,0.25462922,0.82152116,0.7882295,0.5026815
"R_5X7s7H6bACYnLkR",0.5294618424161411,-0.36463946244597306,0.23739935,0.7687983,0.65688133,0.5593265
"R_3qaQMaEjHqHrbpS",0.5603164409434902,-0.25547872221318385,0.14082454,0.7075017,0.69814664,0.40223753
"R_1GeOawfgCbMneRs",0.5736447290394769,-0.2914473425243699,0.4014846,0.5939429,0.4977973,0.5207141
"R_3MtELcWEsQIH2Jv",0.5661364859085695,-0.36606767015228553,0.18554166,0.3648401,0.5373027,0.72767663
"R_5ckyrGzPOvgz9L3",0.5580480628746413,-0.2920013947797817,0.05651112,0.8757785,0.8594275,0.6942594
"R_7snVj3SOocgtC2E",0.5358927802355895,-0.3250228458591631,0.15766735,0.8778348,0.7547452,0.59536964
"R_7hycpnzBjZCCO6j",0.5556847098172888,-0.38806520753521134,0.06896287,0.85742503,0.8391525,0.8794724
"R_1mKvRJTh2JTOEyI",0.5187250454688876,-0.3937155861965809,0.1991664,0.8711197,0.8471371,0.70868313
"R_7TYmb5qzmJA1qpW",0.4992513301366012,-0.33077355957002924,0.028502874,0.79085124,0.85385936,0.82595396
"R_6QfGlcNLo5Bov1L",0.5901568515204141,-0.29229970038260333,0.3389984,0.8695568,0.7808826,0.5004572
"R_6i3j4RiFFr7XIsx",0.5221585092275776,-0.2797136881885988,0.19870108,0.8420681,0.8594275,0.7171226
"R_3FEwVvBILaU6BWa",0.5429850772761157,-0.3787610351656156,0.17718399,0.8128298,0.6873679,0.51350933
"R_315qYokFrhVDfKd",0.5554433324506645,-0.3682742606564029,0.1693855,0.73945504,0.77348167,0.46750137
"R_5DOOsE9oEiDhPrW",0.5777627887662313,-0.3607956805023356,0.2330714,0.856625,0.8619196,0.6815467
"R_3njxiQcJ1Qztjwn",0.5652104055605817,-0.31637369436775925,0.47119883,0.8298555,0.8653101,0.65025157
"R_7P0u7yfzBfmN410",0.5296326475364201,-0.39179786570472425,0.03109552,0.77171683,0.8123025,0.85117674
"R_3kyM6wm6fZxIwJH",0.5203701543832318,-0.2741678422744266,0.2330714,0.8949238,0.8391525,0.5093774
"R_64znQGBotrcavjH",0.521548237871919,-0.37357564810429256,0.10826672,0.8330448,0.8545592,0.6410067
"R_6TgLdniwDGIE0LL",0.5419284763334663,-0.3512002164807276,0.04785245,0.8073906,0.7547452,0.78287655
"R_31XFjS4GPPml27Y",0.6100301327014731,-0.334165054168992,0.3389984,0.4797624,0.2920753,0.04428231
"R_5zu55MJoVvJN2rL",0.5736532636820489,-0.3089722384298322,0.45090583,0.84911317,0.7808826,0.548159
"R_1shvbcATVXYudnV",0.5271404909824123,-0.3415465536475653,0.20102765,0.8275849,0.80634606,0.5819706
"R_35uu2EsU3ktXwpL",0.5402943625821515,-0.36373533121443763,0.06065326,0.8501912,0.8531582,0.87019366
"R_3rk1EQGzi1efo9U",0.5509130163751121,-0.39914954461949426,0.104361884,0.8142807,0.81585705,0.7694938
"R_1PIcmVEZeTg4YYi",0.5095395971215264,-0.3585899706703944,0.28547668,0.57667965,0.6055261,0.13281615
"R_1wWPi9EEQ7KFgHL",0.5508518248983395,-0.33665683644942673,0.37751234,0.8175403,0.6750802,0.19924103
"R_5DFFPceAoYTRzMm",0.5307685531633233,-0.34542143507352496,0.11140333,0.840434,0.7845626,0.7470143
"R_77BZFHMbDT2xZ2d",0.5303486876837356,-0.39156443416739223,0.11078331,0.847493,0.894178,0.8789611
"R_1k2ne7r4gsuRMNI",0.5654974511924016,-0.37017609184379036,0.43230394,0.7397743,0.6794257,0.60115284
"R_5KqrKslabpC3blC",0.543138852712655,-0.267826441193637,0.16158698,0.7610434,0.7685172,0.4111868
"R_7oV5Y868GzNbwC5",0.5454886479684438,-0.4101945702912261,0.049831573,0.8534161,0.894178,0.879302
"R_3melY62lZDRY60F",0.5284295339686829,-0.3599264022220989,0.25462922,0.8222446,0.70743406,0.64408094
"R_1FGRKgdWO7TvUDD",0.516755658159503,-0.3839027416665848,0.03781283,0.7842955,0.7321779,0.6673759
"R_1yowoJb5bpqvXMZ",0.5679052452789947,-0.3413161948057381,0.32236105,0.7623209,0.66854507,0.6272686
"R_5P1HzePxXPra6rs",0.5842390187196538,-0.34377466265964,0.1883923,0.77481747,0.83223706,0.8507807
"R_78YZ4AhMTGerHPt",0.5593954687792054,-0.2846072092497013,0.28425202,0.840434,0.7124149,0.7356071
"R_5h609iJWMP1sTYZ",0.5519974320951481,-0.4435754671980553,0.8299589,0.2294551,0.106522456,0.08542208
"R_5PjgzDMmf8ATX0s",0.5179116166499004,-0.32629089981781745,0.11078331,0.775547,0.6220396,0.26727372
"R_5R3xY4rVeA9NBdU",0.5083639444651238,-0.3370237752898919,0.1798404,0.85689175,0.82875586,0.7464419
"R_6jfBmDl2v9kKrpb",0.5657555606996931,-0.3362277484666626,0.29405528,0.8924565,0.8653101,0.7006543
"R_6spjyIONOKLZqv6",0.5593106533402836,-0.3724311994378237,0.11078331,0.88242775,0.86755043,0.8961622
"R_75hOoGODEdCyK2J",0.5266172969721192,-0.346397231715696,0.26859093,0.86694145,0.8647474,0.7339037
"R_1kmKLkm3FPXoNqN",0.5554486018341142,-0.40081250229199267,0.2648175,0.84261227,0.65615064,0.49380696
"R_5feivksHe4P8Rrf",0.5001011529590969,-0.30010557443095837,0.079250954,0.6747888,0.82525903,0.63947254
"R_6VfzG9NaNllHKWR",0.5389778686248778,-0.308043801816948,0.10653123,0.7621383,0.8531582,0.6364095
"R_6pKM3CNNQFkWP85",0.5581705751148787,-0.3343089219740805,0.2853768,0.85448766,0.78700876,0.8733032
"R_3OjTRyb3Npeo9fb",0.5690561208494216,-0.3437618709635566,0.54325575,0.7004723,0.66126114,0.44598937
"R_7gR3PzucUANUXIJ",0.5369360590686381,-0.3809946014540815,0.17891699,0.88039243,0.85873574,0.76891404
"R_6PcxsVJgZtpgRSj",0.5850346333395421,-0.3280572046665446,0.085582085,0.65250087,0.71950185,0.47621834
"R_7rxpDBJH5FF2qGF",0.5414726617592018,-0.2922002082280311,0.20705862,0.83770406,0.79188174,0.6548995
"R_5mE5JiZI6ylISlG",0.5282611596162231,-0.24822963266948594,0.17371799,0.906054,0.8425847,0.6154304
"R_1mDcBdOJ94jxG4e",0.5447961709128064,-0.33231166437679704,0.12867521,0.8949238,0.9011666,0.8455
"R_3DjLAfFm1J6D5Ml",0.5612440279485756,-0.4559284345494352,0.08953904,0.8312582,0.8619196,0.77239627
"R_6vgcKwG1eqE846d",0.5326367147276448,-0.3695831507746711,0.03875561,0.8244001,0.759773,0.86550415
"R_1fkzDSyFXD6znNI",0.5307072860687084,-0.29527882624688806,0.075294,0.8635228,0.8619196,0.21677895
"R_1GqlvFT6qSyT0Xv",0.5434607575264997,-0.4071207046318541,0.18079062,0.83469164,0.7647786,0.74529827
"R_3hQCYSVOanCVJDI",0.5564478815715579,-0.31661149828950014,0.35186127,0.78465986,0.7833373,0.53343624
"R_7Ol7xTuLT69ms9o",0.5802741610160674,-0.40110916625924514,0.45090583,0.81536746,0.71525383,0.52978563
"R_6ePM5BnVl1ique8",0.49213148717791655,-0.3231510564137039,0.11088664,0.86220276,0.83570313,0.7094882
"R_5ffOiqdnAvMFKIk",0.6234934528903645,-0.3220617547247986,0.32712606,0.83578813,0.71028215,0.45884904
"R_51tGdLIfK2TbNTg",0.547809322309823,-0.3486954046798005,0.15269235,0.9231556,0.8708807,0.47185203
"R_6TSFadfXutXXf9h",0.5572572672094842,-0.34118458690557923,0.2648175,0.5939429,0.6208336,0.1949177
"R_5fblIqClSzO3nvb",0.5322201222564694,-0.33616959792025153,0.034984488,0.8371571,0.86135083,0.92759407
"R_53fgyhUeEzWPaFD",0.5536617302757533,-0.4081219125750058,0.20973456,0.82470375,0.82525903,0.82624966
"R_3tinfNcPvi0OtWm",0.5661475899440284,-0.36847721402574213,0.15600902,0.8374306,0.85595626,0.6626846
"R_3WLs2CNceY4qrMl",0.5412510852989766,-0.3338871159552933,0.0926474,0.8726777,0.8880243,0.7863818
"R_5Kli8WpMCuwfMwc",0.49826071190206744,-0.4512038938412622,0.037105743,0.76177335,0.74310714,0.84128356
"R_1wQDYUu7RiNr7vX",0.553028695161144,-0.4446242043723288,0.2854699,0.88293505,0.86011815,0.85240793
"R_1rGklqndP6o8p1f",0.5534737077298535,-0.37251366536966013,0.05304765,0.80412316,0.83223706,0.89746326
"R_797B1H9SdMktHdD",0.548177938191916,-0.33692846482641436,0.3389984,0.8507296,0.7759547,0.42474672
"R_3rj9J5NE5dY6vcn",0.5354056781569911,-0.26628254285746455,0.11212669,0.8552901,0.8647474,0.5668283
"R_7r3uqz6wQGNTP6p",0.5243456096090113,-0.33962301796714095,0.2359567,0.8341429,0.82057154,0.785213
"R_1Du3UKZuPWoSOVf",0.5261035658896721,-0.4054482205705643,0.1537979,0.7462448,0.706008,0.68789035
"R_3xhhznEunEueCMF",0.5622068218051184,-0.383114736174857,0.03639866,0.719525,0.65102786,0.84841025
"R_7cjv0oKPYskuTpv",0.5925606349847496,-0.3351046437890638,0.6308517,0.55073655,0.4507798,0.4982369
"R_3DbWbEd8pxXQj9y",0.6121585765843308,-0.33565389893832237,0.20172562,0.75702757,0.7124149,0.45454627
"R_1EXfpj3FaolWYOf",0.5896273584628312,-0.2674484591495776,0.42349213,0.66993463,0.7363798,0.36318657
"R_6KN1eXPjJ6bIlAl",0.5019385204739849,-0.35816345780108183,0.043399423,0.76067835,0.76102644,0.66112393
"R_34cj9gU6ZUI0Oc3",0.5258195320407107,-0.34888551372725984,0.17458448,0.75972015,0.7024388,0.58961
"R_6VFjdcfU1q8oHxD",0.5498523094311947,-0.28032684084130216,0.3389984,0.85153663,0.82525903,0.8465179
"R_5FhtfxZz7ZptaDZ",0.520501761702572,-0.3627669835784147,0.20102765,0.86273116,0.8971984,0.8464051
"R_6opy2AJd3hCmQvK",0.5392101537891598,-0.30684388857964917,0.22579013,0.57876563,0.43050492,0.67051303
"R_3CmBouteoKYjVkZ",0.5556667320778701,-0.2985899249436932,0.19694418,0.83961606,0.74959785,0.4111868
"R_3WA4ucDwIMUmOYo",0.5399246003552486,-0.33471784120868675,0.063423134,0.9002924,0.88593894,0.8627128
"R_5DGPpDSGcGys9AW",0.5364619468966825,-0.283914038880049,0.30439767,0.83633596,0.7391736,0.29102772
"R_3F3tCDW6DOXDJWZ",0.5905135725121078,-0.40575260406505026,0.30136615,0.86167395,0.73777723,0.60115284
"R_6gNIdX5CnnrgG4k",0.5134599229627022,-0.36613996943310945,0.037577134,0.8307078,0.77965313,0.68313
"R_30V68wq8GAVXQca",0.5015358559792775,-0.4271804957845667,0.091913216,0.8012165,0.74310714,0.548159
"R_6aM6J1IB37bPsnn",0.5343228182450428,-0.3315498200739084,0.20839658,0.8333194,0.68664736,0.55559266
"R_6qDFWqZV4Qdul0R",0.5373561370664522,-0.3123064164108918,0.121732734,0.774088,0.7833373,0.58961
"R_5AvmR0JHI7o1MIh",0.560626389021066,-0.35520389977991246,0.10609736,0.8307078,0.7882295,0.8682869
"R_1TvStdZeATF7TGh",0.5498083976101114,-0.35650086556450344,0.08320791,0.8382507,0.8448651,0.7261694
"R_1WCN6L0j7CIokGY",0.49525090663534077,-0.3599271555490291,0.032156147,0.5621215,0.57618916,0.658008
"R_711Dk2MrusZBPSU",0.5502352223053358,-0.3644642411463846,0.51980776,0.12436983,0.046923243,0.080658205
"R_6r2K9nqweQE3sjv",0.5010726566526321,-0.3287046226284154,0.08716487,0.84315604,0.8636192,0.7631247
"R_6R8gdxAJs3HFmVe",0.5448164915057447,-0.3827032389877011,0.295883,0.22570133,0.071766086,0.048193846
"R_7rUULI87Y4NnEoB",0.5340894829845011,-0.39792064243624653,0.112953395,0.77499986,0.8099247,0.7893064
"R_5MNgOdzJ3zofymF",0.5649125473637396,-0.39780078783826384,0.28548008,0.8690349,0.8471371,0.7567776
"R_6pZ1uh0JhHsIExA",0.5591744742714194,-0.41540430345184576,0.07212844,0.85928774,0.8900925,0.72465837
"R_3Pj0oB1gmCCN9se",0.5750337084598801,-0.36562964610672716,0.36095104,0.8552901,0.7894488,0.57816774
"R_5SmjKhXpNbSNmZX",0.5590196172247885,-0.2664542283467971,0.15545623,0.76378065,0.6721783,0.06809587
"R_3ipVl66DgUq7Th3",0.5487265157750777,-0.39635316874422205,0.11912931,0.8721589,0.86078155,0.82713705
"R_52bbyKYyGn7QVG2",0.5120621187092018,-0.3788698014999084,0.26104406,0.84911317,0.8368549,0.7407298
"R_5Js3p5r5QjhppnP",0.5405610068921093,-0.33206452592480346,0.30539915,0.8619384,0.8310783,0.7637028
"R_5wsEqxcZPJ1oT5c",0.535926150425533,-0.38963207764357366,0.23235008,0.89980763,0.9253017,0.8700206
"R_1KdmN2oEqNKa0b9",0.5590930926565256,-0.43560588957719704,0.3827457,0.49966612,0.6480961,0.49159798
"R_5uxnsDBE9LxlGVa",0.5143446318511091,-0.33375627474930286,0.04711028,0.8341429,0.80515003,0.6548995
"R_3rC3eBHUu53b8tE",0.5906628264663402,-0.3465389510938571,0.3389984,0.8073906,0.793096,0.28150064
"R_71Zuq44GWnuK5mp",0.5241525066015599,-0.35694029211363487,0.04216247,0.90700406,0.93711454,0.88690627
"R_1IY3oQyaKBDDVi1",0.5207762310299814,-0.47240125301918656,0.05304765,0.82561415,0.8653101,0.7706542
"R_7scgL5PSQ96lAx9",0.5648451168674963,-0.30939550305013486,0.21241048,0.71077883,0.7095707,0.63488114
"R_5M5X3SQQyQlLli2",0.5172343601139828,-0.31681110791779454,0.17285149,0.78757405,0.66999924,0.45454627
"R_1enReL0LOiz4Wwp",0.586036393984354,-0.32515228465760243,0.36095104,0.9036656,0.8647474,0.6225339
"R_6JyCLvlaMFoOpKV",0.556976911201483,-0.31389511730702363,0.28312725,0.80412316,0.74310714,0.4960202
"R_5rr7KJCCoy4J83v",0.5374836211536751,-0.2550932448038906,0.49139655,0.8635228,0.6397147,0.26727372
"R_78B52yqso4iPGy1",0.5301841496618003,-0.38615145853339844,0.1460314,0.83578813,0.8310783,0.8573716
"R_1KW9lxi1xSrtuJP",0.5466293337503734,-0.3665242747407093,0.08083374,0.7023504,0.86078155,0.7269253
"R_3P6VCuCiLp0bjRw",0.5229635757582314,-0.37105029561979674,0.1100022,0.7590357,0.76602626,0.8351312
"R_5MtHpHVsK57YbjP",0.5414630412497726,-0.27749891345445943,0.1140901,0.6747888,0.6721783,0.7642812
"R_5gIwUvw8yQhOaYF",0.5172636842996198,-0.3500806996717917,0.049089402,0.85981894,0.7906666,0.7521752
"R_3paraFNTjKFBFVM",0.5467445800135062,-0.3175812941550803,0.035691574,0.6934324,0.68880856,0.7834606
"R_3maocYs1dr8OS9X",0.5623692494678494,-0.38969985234273125,0.32128486,0.84016144,0.76602626,0.71336824
"R_63jMrBspwHllRsT",0.5435604052130159,-0.37313660322922665,0.1460314,0.8164539,0.64353657,0.42020884
"R_71bEctMJkyjahkB",0.5189868149259387,-0.3213022112502002,0.053295042,0.8313956,0.6750802,0.4893925
"R_3FWJDr4GAWzHXnh",0.524878433626095,-0.3336854655327749,0.30452284,0.8245519,0.84144264,0.69107187
"R_5nNN6upkjAKDvqA",0.5825621804246426,-0.358507484281074,0.6491204,0.71241796,0.57963574,0.24399526
"R_7fE2l7eiT5zf9q0",0.4829916384511968,-0.4522220456449659,0.05750068,0.8278879,0.88278073,0.8745082
"R_5RhjVayTY3W5NpD",0.5173223978230492,-0.3421896511604636,0.10739898,0.8798819,0.8708807,0.5004572
"R_1GABymWvSPJCt3z",0.5746170869497426,-0.2983240675141216,0.37751234,0.7986718,0.6995786,0.73447114
"R_6PdRA1QLU1ieug9",0.5179306335256775,-0.28696366898118403,0.03192045,0.8374306,0.7124149,0.70546687
"R_5TGFRrB0XG0exQJ",0.5377440662632649,-0.2833005971354718,0.10696511,0.9297891,0.8848906,0.5992224
"R_6pnxht7gnG5yfIV",0.539833190738946,-0.4292476272629595,0.10739898,0.83469164,0.8217459,0.8494939
"R_5aqWMIDCQRR7vu8",0.5610431995700446,-0.3978991348982408,0.5532103,0.83961606,0.7672726,0.53526586
"R_6I08DUg3B9Yyg8h",0.5600999529155306,-0.4231750803406482,0.03109552,0.8335941,0.86699194,0.88505995
"R_6A97dahBDmaS78l",0.5196762526612213,-0.34946431660936933,0.03781283,0.8507296,0.895189,0.87209576
"R_5nlMQQianAkqMO5",0.5465229650477166,-0.3466041368146061,0.4269174,0.847493,0.49884078,0.6136608
"R_5UbUaJPzCV6TXYY",0.5363356582970383,-0.46919977488335685,0.09611836,0.8934454,0.86305356,0.63488114
"R_7OGOh5XLZtJt2VU",0.5442839893517581,-0.32252524456411213,0.1991664,0.65540147,0.54439104,0.36318657
"R_72FIpCiCtJfCtbJ",0.5274280476057069,-0.4012840979900286,0.11088664,0.77262884,0.90409774,0.8745082
"R_314ZxDZB7dspjJ2",0.5560906983933764,-0.3526042127609423,0.25462922,0.78447769999999994,0.7685172,0.6066054
"R_3ZTDPB8s7n5yViG",0.5599560045603365,-0.35959198538462234,0.11192002,0.8939388,0.8795844,0.84474087
"R_1HB199SP0bORDgI",0.5452876747268876,-0.35161369362014516,0.20172562,0.7773705,0.68159515,0.4806
"R_5oHBXjCSy28QkMn",0.5419491283159451,-0.36604719858750373,0.15269235,0.7367629,0.6351225,0.676808
"R_1li4TmXxyAOT8Jo",0.557707621059421,-0.3788482983246152,0.2330714,0.8904711,0.862487,0.7070741
"R_5aOUlZ8xUwwADa1",0.5631682444135091,-0.3956730450687513,0.08083374,0.8308454,0.78211075,0.6456206
"R_5HOoUZNxMYOUyj0",0.5455749639482237,-0.416015093376527,0.33504707,0.7229892,0.66199046,0.6272686
"R_7QGahzT1ttfU8Vi",0.5494598822439922,-0.32978421107140227,0.1460314,0.87163955,0.8641838,0.6815467
"R_7kmAS3AVSc5l3yx",0.5769333118204637,-0.39526694120983147,0.2396185,0.813192,0.81585705,0.6136608
"R_1xbMrMORa26ysFz",0.5263263123333198,-0.3738416343103567,0.27236435,0.8778348,0.8299177,0.6048477
"R_622X0m6VMtWPPGd",0.5645306041584827,-0.4169776015993272,0.17631748,0.723901,0.77965313,0.69266486
"R_5EEtiB5EGSkWJXH",0.5049426802911757,-0.3258186851808608,0.17025198,0.84911317,0.7391736,0.64408094
"R_6OqN08XrmLhV5x0",0.5785643260912059,-0.4196426070511451,0.112850055,0.8509987,0.8087333,0.68948036
"R_7f3srkUB6Q0gfyX",0.5417192818185692,-0.3912200158375117,0.2854835,0.88293505,0.89112014,0.7216403
"R_5IQ8ZWPc9fxowql",0.5211008493067562,-0.29596364544275106,0.2312681,0.8757785,0.7991433,0.5611979
"R_6NCaMnzw6g66ukU",0.5266530745292679,-0.31019899524985683,0.3389984,0.21453366,0.34075785,0.27673608
"R_7wwwOexRNFX7d17",0.5371373702147828,-0.34270949766240877,0.13561769,0.7892128,0.75089234,0.47621834
"R_5pGQDjK0cWXRExH",0.5120111071994204,-0.40642384367936757,0.21374844,0.7961262,0.5986612,0.548159
"R_6PZeN4bkUdBGJDb",0.5103593137413786,-0.4110591228257833,0.05354243,0.8244001,0.9117284,0.9098348
"R_6KkTZfgRLzyLpnj",0.555387987329048,-0.27837248042201035,0.063027434,0.86325896,0.8516601,0.85807323
"R_75shPiqMnoTeIOf",0.540960049658307,-0.4128913915959041,0.31686464,0.88293505,0.8437263,0.7660173
"R_6AZ4eZ4sQ2HEFIL",0.564220767914128,-0.28919895875887874,0.26104406,0.862467,0.800348,0.47621834
"R_61LsJy5pSFU1I9z",0.4961728385720404,-0.3880194316406723,0.027088705,0.7753645,0.7771887,0.8613142
"R_5zbAF5FwVSNaDLa",0.5301293609743506,-0.41390331242278855,0.04735767,0.9280379,0.94811577,0.890406
"R_6P83URuAYmLMZnq",0.5641752778343332,-0.42608430570544764,0.112436704,0.8690349,0.8345497,0.6548995
"R_60q16N72t9bJ9zx",0.4897254642628347,-0.2790416228566146,0.04067813,0.84016144,0.8229188,0.7793784
"R_1pgawyackjOY1Ra",0.5505590598415215,-0.34566314045915825,0.23271075,0.8520741,0.8099247,0.6456206
"R_3BWCea3Hw3Lz4TT",0.550117416535683,-0.4073189771306769,0.040430736,0.83276975,0.8752654,0.85482556
"R_5HYNwbXVSF4VgJj",0.5545178973285628,-0.3438010010222378,0.33504707,0.71679133,0.6351225,0.72541374
"R_6pLs2557TfDRsYV",0.5651623668406133,-0.31696645793387657,0.1641865,0.8874732,0.8471371,0.60115284
"R_7E0ty4Lu3GQqURK",0.5312101608894426,-0.36580785944109423,0.13908891,0.841796,0.85804266,0.8467628
"R_1jJL4USrVrJVMCl",0.5368376470745283,-0.32920807787574174,0.069754265,0.62312025,0.747006,0.7631247
"R_5H1eMuvUCjqWQ4Z",0.5653394206551943,-0.36319100147753125,0.2922276,0.7078658,0.6035064,0.27673608
"R_1ziKGyrsCj0F6ys",0.5481556954027211,-0.3089040598840458,0.05354243,0.8382507,0.862487,0.3830288
"R_5MZzOu9cmikfQjv",0.5708819746098037,-0.40441071169716625,0.14082454,0.8048494,0.70315284,0.8036809
"R_5SlrRduZrh7nCa9",0.5279522215329348,-0.3379604524597265,0.08479069,0.84016144,0.85804266,0.65334845
"R_5LwdFTJo2UkxIkN",0.5651372030453302,-0.2983754308527065,0.2854835,0.77427036,0.7967292,0.16530795
"R_5ofdp2mMnRGGF69",0.5217592681149305,-0.32537932057244373,0.19314334,0.41784087,0.38031465,0.6066054
"R_72gqXUnanDFnZpH",0.533899254807436,-0.3421868811218125,0.15711457,0.6981244,0.5954276,0.5116181
"R_5MNTt6VtmpjKwXD",0.5354537029917817,-0.4606642833140475,0.10826672,0.8366097,0.7685172,0.7481594
"R_1EXFBYgYx9swUs9",0.5274481286964892,-0.4131686925240656,0.17891699,0.6078019,0.81111443,0.84100986
"R_1j2x4VdPlGALlrG",0.5578195080667726,-0.37745817014756194,0.08637348,0.896396,0.868108,0.76081395
"R_7c0eAjx942M3sfD",0.5233576593326716,-0.3758362457533735,0.25462922,0.6962473,0.6272621,0.68313
"R_1nqLB3r9sxNHu49",0.5015737186431137,-0.3871373761474419,0.029092113,0.7676127,0.73498,0.679965
"R_6jcTiSUX502JOSZ",0.5798865958288233,-0.41005847492482905,0.2359567,0.7280048,0.7307748,0.5116181
"R_3ZJJ2QgLIe973ZR",0.5949138859207546,-0.31067740407234834,0.25462922,0.7388618,0.7335797,0.30048501
"R_60oG5NYdcvUlGqB",0.5377216918612616,-0.3660883581084175,0.3057765,0.90222394,0.8971984,0.68948036
"R_7eWxFrIaOILxRjX",0.579634177044828,-0.3136345986511788,0.25084448,0.84614027,0.802752,0.64870656
"R_6zolGiQK0Vp3k17",0.5425323580434432,-0.3079702683632262,0.24603334,0.8635228,0.8573484,0.68313
"R_7DpgwJGAFsMcFzB",0.5289973214516518,-0.3573580540568346,0.2786282,0.80412316,0.78211075,0.74415445
"R_3zztUPEf0RQ9lyF",0.5629369397562376,-0.329922940023017,0.5885171,0.7443159,0.65980184,0.25324148
"R_6QPMy3IPmQ1Wpdf",0.5403956984854635,-0.31744346361379655,0.62136006,0.7023504,0.53595114,0.329258
"R_6fQBHyCRxDmfkPv",0.5389391084106075,-0.39393088304586243,0.147767,0.5579757,0.5786223,0.5093774
"R_1nhjjJndlPUYyxb",0.5256398545083256,-0.27681188854621974,0.049831573,0.7739056,0.6974301,0.72013307
"R_79R7qDGYfbIE9iN",0.5559081203931785,-0.5343537488745534,0.043646812,0.7986718,0.868108,0.7770488
"R_1DMPsT9B6ZpKhXG",0.543823801710593,-0.3237193899180955,0.04216247,0.89295125,0.9488711,0.92010254
"R_6PHabQHzDnJC1RI",0.5165442483657866,-0.3834570718022389,0.05230548,0.7895769,0.7784225,0.8463831
"R_7OlCm0U5JNPo7Yo",0.5533897620393143,-0.351046333504753,0.121732734,0.87732154,0.8817194,0.618977
"R_1IcQQTrXEf0qp5E",0.5419817828515731,-0.365418786024944,0.20572066,0.8814113,0.7967292,0.68948036
"R_1jlBe2wx7Ck72ei",0.5157746768535753,-0.3440313315067868,0.06896287,0.83524007,0.7444082,0.6673759
"R_6L6Gfzh5D8mYyxY",0.5511113192485587,-0.32681938694726653,0.2524482,0.8390703,0.7955197,0.6974527
"R_32fINl7eRpQrK8o",0.4991561209334208,-0.3907972570490526,0.1893425,0.8204357,0.82525903,0.7293719
"R_3OZZ2wAmg8aBh7R",0.5926831698234711,-0.29126888951801233,0.37795907,0.7067737,0.49842337,0.23483545
"R_5CvMIKuUGG8n9CG",0.5376881171816504,-0.3044713103039234,0.09611836,0.77919376,0.7894488,0.4982369
"R_58Ga2qgmRiHdQVw",0.5159603562411369,-0.3460709124632811,0.03357032,0.85689175,0.8880243,0.88857704
"R_3uDq6eZd2qDZaSn",0.5672479799586352,-0.34733420024504125,0.050821137,0.89980763,0.871983,0.58961
"R_56fChY1JBIWtCU7",0.5402055738673116,-0.34545395003810403,0.147767,0.51995474,0.40208194,0.77007395
"R_8NSiI6QTK7ksFa1",0.4901949415875622,-0.35810798253305015,0.07450261,0.91077685,0.91544104,0.8213716
"R_6m19025Vthdg4vf",0.5879829415244956,-0.33248994942604376,0.32764325,0.81862617,0.6959962,0.15705985
"R_3VZOiWUJqnG3Cq5",0.5573550146507529,-0.39534138108164457,0.13041082,0.7507746,0.8087333,0.64254296
"R_5X1Bdd8MFMSljob",0.534259504624079,-0.35462104478687695,0.056758508,0.84070647,0.898197,0.7998597
"R_67vSx7jT2ayeIge",0.5570524631497468,-0.29831889253384625,0.19870108,0.8894742,0.86755043,0.71261835
"R_14zJTWFrpV1WgfY",0.5518365295588683,-0.2967041789809584,0.06896287,0.46015236,0.5954276,0.72013307
"R_1aEusHgF3sFOz9n",0.5281296097715661,-0.36416424370667383,0.056263726,0.8349658,0.86755043,0.7729774
"R_6HuKTwMz1b9JicR",0.5465372657900087,-0.3958805272788733,0.077668175,0.8488434,0.8531582,0.6456206
"R_1qaJAXJAZnMCZTB",0.4931758960992463,-0.38524225970174353,0.031684756,0.70914006,0.740501,0.8375304
"R_5lxBVtwnQFf8nUq",0.5307108385109235,-0.3723739727958994,0.03545588,0.7873919,0.70386696,0.78608954
"R_1fiMykLAC4NLmf9",0.4946580685333683,-0.35055570135324843,0.09351514,0.8584901,0.8531582,0.55187017
"R_7tsvXWwPDqQqofv",0.5409640665889236,-0.29729089708914974,0.19986437,0.78465986,0.7418047,0.62423664
"R_3xGmtc0vgTsSPMQ",0.5412969090170301,-0.3582428846859245,0.24442963,0.731471,0.67797804,0.28150064
"R_17wLUdkb4xE9LoR",0.5333473229993433,-0.34129690904279913,0.21776234,0.7997626,0.8087333,0.6172022
"R_5KH3W7JmLZOxWvy",0.5827373071555,-0.3474211460065008,0.31132057,0.55590534,0.5036425,0.06809587
"R_1QsU91bykxFwwAZ",0.5175074846575879,-0.28451261578126397,0.091913216,0.71715575,0.7672726,0.30524352
"R_3P0BjT2Rx8Zjsxb",0.5221145625666546,-0.36114131859941323,0.2667042,0.84016144,0.77348167,0.329258
"R_7dY8ADhSvk4cWAc",0.5881089173460085,-0.3510596221854018,0.11161,0.8934454,0.871983,0.844092
"R_1jHUwZHBjEmbM3i",0.5444746018314974,-0.32989688247173077,0.036634352,0.8520741,0.898197,0.88807666
"R_1knsAPGSyZqPj7f",0.5260275585921301,-0.44093662484536034,0.25462922,0.77463514,0.6546875,0.23483545
"R_5QU7HhsM1UALpSh",0.5360102202311747,-0.33498073423281033,0.23090743,0.7997626,0.72937024,0.6548995
"R_5pfqRta9DZrQXNF",0.5552851086144138,-0.344171768498788,0.36867723,0.83276975,0.82057154,0.79311293
"R_3DZb5VGtWTvkAdi",0.5091673978858,-0.4093582640928291,0.09351514,0.74659866,0.7894488,0.85280365
"R_1tn4pHcnsADaHbr",0.5855423952915786,-0.34623779120408416,0.058490243,0.6356142,0.47695094,0.40670285
"R_7s7EGS3Qg8HuxMq",0.5292959220448804,-0.4062093275527186,0.11388343,0.8531479,0.8752654,0.81576157
"R_79gQOTLLg6oxUyZ",0.5467607268069705,-0.3945816289393107,0.45921504,0.653951,0.5059396,0.5934472
"R_7r34SUUkklKFR0x",0.5363902714824278,-0.36296280486895954,0.0438942,0.82909906,0.87417555,0.9241767
"R_1s52lkxmZlddNjk",0.5095749549220636,-0.3625832255816837,0.32397532,0.8289477,0.8170386,0.6815467
"R_59ao2YxtIXs7ZnH",0.5344745173788563,-0.30276211016071647,0.33421695,0.896396,0.8686648,0.6564528
"R_7mlbpp4ndUBf8Eq",0.4957396112058899,-0.3608532566813532,0.069754265,0.90983814,0.9050664,0.676808
"R_7609lXNIqrl9dG9",0.5000218062409839,-0.34755681748715833,0.04686289,0.6815924,0.6381839,0.6225339
"R_5Sq6vHfp6lqldFg",0.5669105014743021,-0.32787268790404817,0.19029272,0.8629951,0.8817194,0.7712349
"R_5KxwP3HVtBJz7Tz",0.5556797554175189,-0.2901518854283646,0.3127066,0.8909686,0.88065386,0.8110423
"R_1JX84ct4D8Qg8SN",0.5543766633646915,-0.3088914291276841,0.37751234,0.70440835,0.69456106,0.676808
"R_36mtBAdUMyom2gq",0.5796081065263733,-0.3033947501689801,0.28547668,0.40269867,0.4921633,0.11318269
"R_1ePBremLqGFTEi7",0.5756801069770584,-0.336263535076886,0.104361884,0.7599026,0.800348,0.793992
"R_3BboMDAUqZbrH11",0.5559576927749436,-0.4293647409965945,0.24924077,0.7766411,0.65688133,0.56871057
"R_6Ldbrbjb3MdrigN",0.5726578694022924,-0.44263077630721376,0.14429577,0.7279137,0.61358935,0.8682869
"R_5iNf9jBc92IL9Sh",0.5383273282583216,-0.30061015408578257,0.14429577,0.8278879,0.5627942,0.23940414
"R_1243SYMRfF5zsyH",0.5254128089258637,-0.3114737134235711,0.102626406,0.859022,0.8229188,0.42020884
"R_3Yao5vG4vn8vaLZ",0.5152703738491549,-0.28217171190660295,0.19409354,0.86798906,0.9069911,0.82521445
"R_5UXGE3prus6IbAT",0.5144789114332604,-0.39579329041870026,0.25462922,0.891465,0.8275921,0.66424555
"R_17vz7KQZSbcWCji",0.5416172276279113,-0.3709540689733038,0.27047762,0.7658799,0.6974301,0.40223753
"R_58NCyqs4pUbmHx3",0.5333682993630146,-0.3385182276393239,0.20705862,0.8313956,0.82875586,0.777631
"R_7FeUMPAmJSe7qCF",0.5533429289620835,-0.30204224891985887,0.048842013,0.85981894,0.90794706,0.7834606
"R_1KGxmimhO96ANUt",0.5331802748690768,-0.4017100462358712,0.04067813,0.84559846,0.8880243,0.64254296
"R_5siG6CAt6twWnrr",0.5523642557876517,-0.38160701532708774,0.2854971,0.9231556,0.8961959,0.86776584
"R_3Ia8LiJGpKDYOUF",0.5480769187253095,-0.3832552903211242,0.11450345,0.5693912,0.4284117,0.10042392
"R_3zjccHs3l8XKCzS",0.5424199507370844,-0.3484677802948953,0.04834723,0.8442426,0.86587167,0.8760535
"R_5f9AhbtB8nAR75F",0.5559002482253209,-0.4191014074637925,0.3281604,0.83441734,0.77348167,0.71938
"R_5d532fTnIToFFUI",0.5198482912148046,-0.36556938925306376,0.029327808,0.8330448,0.800348,0.87588197
"R_1HYVZU5j8BrmswU",0.5285039946370165,-0.331562674215645,0.34328604,0.7470665,0.64353657,0.46750137
"R_5BnE07Li58utzgM",0.5333704887605026,-0.26589893628422956,0.075294,0.8539521,0.800348,0.8464629
"R_1Ffu7PVSyEd612Q",0.5419857024329229,-0.3406724786252916,0.47119883,0.8012165,0.7560042,0.49159798
"R_5MuNDNB34NKaBHN",0.5462036596227776,-0.2903870528506441,0.4014846,0.792125,0.65834194,0.56871057
"R_1hhczeAUHyX8jQh",0.5470164856696828,-0.4348783566295415,0.04067813,0.8584901,0.8795844,0.72541374
"R_7sml9kT4MHayG9g",0.5444263355082258,-0.2788253389374235,0.27047762,0.8798819,0.7991433,0.6626846
"R_5PjCAdc4LOUF0E1",0.5445049990853038,-0.3907610974606248,0.23523538,0.83770406,0.759773,0.6272686
"R_5M6TuviWVgbmrLG",0.5640289636864073,-0.38491680938386547,0.18364124,0.8664169,0.8664323,0.618977
"R_6oFp1BNEOYBfSN3",0.5405698510222186,-0.3924843724452211,0.037105743,0.84369946,0.8708807,0.8922259
"R_1zDeZYDD4ZNTipS",0.5110209667786808,-0.41833720814691555,0.03734144,0.81971216,0.8437263,0.8416747
"R_5tKBvbwOfjz2hwe",0.5319686630865349,-0.3592505307639676,0.27975297,0.8904711,0.81939507,0.59536964
"R_6bJAVQBuonS88IU",0.605201904494814,-0.36037810551129706,0.18459146,0.8726777,0.8848906,0.8539906
"R_5M9JbIQNM0p8Xeo",0.5193615509312292,-0.28051053898601386,0.08795626,0.7367629,0.740501,0.52978563
"R_7dXrwxZLzrERJX6",0.5472901850751711,-0.37613194712188786,0.25462922,0.85955346,0.85873574,0.77007395
"R_5abor3wIVCUc9Rh",0.5450520999292126,-0.35818971285837775,0.3389984,0.86798906,0.7321779,0.72541374
"R_6LY9l58wuaAPou5",0.557671992891188,-0.4195752719672012,0.17025198,0.8664169,0.8774332,0.86698353
"R_1oqiMLVfVEZh75n",0.5400388250861452,-0.29865290099745745,0.11316007,0.8700783,0.8368549,0.44598937
"R_5U5RCNNGflM6AOf",0.5315331297514734,-0.351653264147242,0.12520397,0.85981894,0.8900925,0.74529827
"R_1wSx0mi1b9quvnf",0.55457065320026655,-0.3759106444243133,0.10566349,0.847493,0.84600186,0.8178277
"R_3yZd0zVlcXvUyIh",0.5501879774313579,-0.4393432624690108,0.051810697,0.8390703,0.802752,0.74529827
"R_1Ifb54paGVl3Rh7",0.5638358256972447,-0.3560659034573092,0.33504707,0.8415237,0.6916872,0.53526586
"R_7QiQjT8qgs1kLnH",0.5592818367015069,-0.43452072205486825,0.050821137,0.7952173,0.8087333,0.91076124
"R_3G1b8MkJ6OlqltW",0.5142294142401129,-0.3842030246899518,0.02543884,0.8420681,0.89112014,0.9085938
"R_5ReDm8CrHTQsoBO",0.5162052741605454,-0.45640160559363263,0.029563503,0.84097904,0.8471371,0.8198948
"R_1Si3MTbARovJ2mA",0.5757151352521472,-0.38101001269379936,0.30427247,0.86510324,0.76102644,0.5316094
"R_33rm8Y7LTMSwR9y",0.5607800063070385,-0.40871598368119,0.025910228,0.8884749,0.94427896,0.93741626
"R_31QyZDViHZ2bZMT",0.5211447720399196,-0.35248178530373975,0.03828422,0.8973742,0.91544104,0.8977877
"R_3sj1j6ZTZYRUYsQ",0.5537171861073413,-0.3838537145378188,0.049336795,0.7832022,0.9060309,0.8722684
"R_1OQ2x28qcdp7GVP",0.5268880667576095,-0.3624265700033315,0.038991302,0.86694145,0.9050664,0.8984354
"R_5hGSuH5dIAOXPgH",0.527345181164905,-0.37795797803504183,0.30319387,0.75949186,0.6488294,0.5668283
"R_32WkDOgEjEe1USD",0.5468678437131924,-0.3329295116746323,0.10870059,0.84614027,0.85245574,0.63182990000000006
"R_1XnXEdGbKd4B8BS",0.5111468255741493,-0.4157251012062484,0.09351514,0.7517101,0.76102644,0.85513276
"R_3NyvsQhK2hCgqg2",0.5425715673263825,-0.381700401081708,0.18364124,0.8226061,0.76602626,0.3196519
"R_6U9KNOwlvyUOPza",0.5496026684482563,-0.3740265180289908,0.04315203,0.8307078,0.81585705,0.91951305
"R_6v8PFV4tcUq78pO",0.6043135465540977,-0.3339594734875649,0.29039988,0.87059927,0.8566528,0.7470143
"R_1PvZV6mmvIw2lM3",0.5339757456345434,-0.34951174940510066,0.10522962,0.90318584,0.850532,0.5189084
"R_6G4qOVDaNfnFjbj",0.5270847845634028,-0.3451005494614156,0.102192536,0.8558245,0.8686648,0.63488114
"R_2UgZmuTB5z27O5Q",0.5302869255263316,-0.40771862793951613,0.043399423,0.8839479,0.898197,0.91321254
"R_3BMOzZwBynOd0rL",0.5252215082070987,-0.32012105403726177,0.19789438,0.8349658,0.763529,0.66112393
"R_63vUrjOWgACtDyt",0.5425109588700257,-0.33977623921295114,0.11067997,0.9240504,0.9145193,0.8219631
"R_1SvrgCR3DSPNC0k",0.5517416418738277,-0.380945403312201,0.29771072,0.8854624,0.8664323,0.8789611
"R_5H2AGTDb3Q5TYPX",0.551397578938066,-0.38521585722667906,0.19029272,0.8379774,0.8516601,0.81458116
"R_7riiXUUXBMxTVYL",0.5132872519134142,-0.42441725480225995,0.3048984,0.7009418,0.73498,0.77181554
"R_7CBRKb7uqkwgnEf",0.5171740248477613,-0.37188551025606864,0.15987846,0.9190911,0.92617273,0.8765678
"R_1PBxAwEukslOBe8",0.5509114444597114,-0.3906230553359862,0.104361884,0.72636324,0.7209151,0.7239034
"R_7M4phBfQaiIgwZ6",0.5497731494981845,-0.37306391169144537,0.1587729,0.8301572,0.81111443,0.72541374
"R_6kMtWpWmcELsqSv",0.5287071540382787,-0.32204370635414215,0.19893374,0.78975904,0.7166711,0.56871057
"R_5SS7Z2DVLLcogkp",0.5838665079833957,-0.2963202646143691,0.23667802,0.8894742,0.7052948,0.6066054
"R_5spli2hfac7OTvL",0.5594140076559133,-0.4015471434154543,0.28547668,0.71770227,0.52912074,0.1778375
"R_5tFNAzUIvDyubhE",0.548214296924488,-0.4157575135403484,0.04834723,0.52301437,0.61238086,0.74415445
"R_5dybVEQSGssMj2e",0.5217865854971583,-0.35562290367727184,0.24603334,0.78192645,0.6010847,0.43749967
"R_6QfXzHRzrxg3bsY",0.5072774521840065,-0.5186181949140557,0.02048268,0.78192645,0.8217459,0.8884104
"R_3OTXIKKPkbZ75Ou",0.5562932858051913,-0.3480297021410678,0.25462922,0.84478533,0.7418047,0.7373127
"R_3IKwE8DCQFIa5dO",0.561786128913002,-0.30922331797478686,0.14256015,0.653951,0.5751749,0.44173583
"R_3IrRCH91y3Lpj8r",0.5668009667950288,-0.395189278300429,0.35186127,0.81101775,0.71525383,0.70868313
"R_3r2PuWT6dHKvWAy",0.5565243394462743,-0.3620888851383899,0.22043827,0.7610434,0.7052948,0.5370989
"R_5rATeAV2bas86Pw",0.5616081724599332,-0.33492432892663265,0.19504376,0.71843153,0.65834194,0.30048501
"R_1CP1MMg3pWzxdgg",0.5009527194895894,-0.3620979943319498,0.032156147,0.8635228,0.8890605,0.8900741
"R_6gqqHjKXJnCe6p8",0.5221535351071648,-0.3555304275293938,0.2524482,0.8382507,0.81939507,0.8447959
"R_5jNX3CupfrwjuZb",0.5089942053455265,-0.4545568857041336,0.032156147,0.84234023,0.8368549,0.9057772
"R_5lcCKse5B85AWfn",0.5314826584422861,-0.3580098444984031,0.07845957,0.76368946,0.7955197,0.7945781
"R_7TXeaGCP7Mt66mS",0.5377995310427148,-0.3065055924487815,0.034041706,0.8664169,0.7991433,0.75274974
"R_1dgc4vJA69k3Sb4",0.5451199276033828,-0.38523256519900095,0.15822013,0.7310149,0.5494852,0.4960202
"R_3n6EPOqw7lYZMtT",0.5361193760268663,-0.4262807441128075,0.3245134,0.87474716,0.8971984,0.84104896
"R_6QSxlWjc2ZO3Xu7",0.5089654574066231,-0.3745902253624173,0.15766735,0.76076967,0.76102644,0.51350933
"R_6eqTvtegNsnjccA",0.5527015010755688,-0.2679090439018682,0.23198941,0.87163955,0.8425847,0.6958554
"R_3RXoMEQROzBLrzP",0.5248803869985734,-0.3421026851490302,0.02343543,0.8048494,0.81939507,0.8490869
"R_6OBSepTxd99xe1C",0.5056906091705151,-0.32688267025488743,0.19694418,0.8271302,0.79188174,0.68471515
"R_3bNyjZslRuj7Q7n",0.5560009034214876,-0.3141657711667634,0.2820025,0.87163955,0.797937,0.59729445
"R_5pIZGjsI8pDaSMp",0.5304116856967606,-0.38069196623821133,0.2553839,0.7014113,0.73777723,0.5593265
"R_6Mnsfy6ClHK8vYd",0.5456178015990648,-0.3735833173944972,0.06817148,0.74447566,0.759773,0.8570645
"R_379houg5lUPvE62",0.5390090332814919,-0.40618781226152423,0.031449065,0.86694145,0.9069911,0.9425854
"R_3u6IxWrzNmiovQt",0.5191371212695366,-0.48070252641467676,0.22712809,0.8077535,0.8641838,0.8620136
"R_52rgdEQeYDGoFvy",0.5227308037165881,-0.3999861363213572,0.19599396,0.7780999,0.7483027,0.8095688
"R_5IRe5DmElV9NMN6",0.5824829012598604,-0.38425581233381284,0.1140901,0.73968315,0.7457078,0.5838763
"R_7q8Ib6pFmEXNqMV",0.5336499828250544,-0.3099609269314484,0.07212844,0.8488434,0.86755043,0.7223943
"R_52wlLJE3rpl5WGR",0.5349221961428963,-0.2744005167282442,0.25462922,0.84097904,0.7771887,0.47185203
"R_12R98szB82ZNlEv",0.5142241685793293,-0.39667019197154013,0.2853768,0.74342585,0.79430854,0.65334845
"R_5lANJ63S4kkbCp0",0.5434714787820959,-0.3335721243837442,0.28674445,0.8507296,0.7991433,0.5444606
"R_3NVqzkoU32CJTM1",0.5396862570232267,-0.3384873717821319,0.37751234,0.77044004,0.5371243,0.33884993
"R_3uByuU8cAnKzG4Q",0.5461749407930127,-0.3161507172652269,0.3977292,0.6646001,0.48945192,0.44598937
"R_1PZB4fo1Jwety8o",0.5089082287350326,-0.4192530989410088,0.010429831,0.7682511,0.7237387,0.8801534
"R_789VACnx6lsR30d",0.5930166733683933,-0.3737743894481517,0.40614098,0.6135371,0.24630983,0.0974916
"R_3uZAzuNlnhxSMHX",0.5562624910201188,-0.3480224431613178,0.17545098,0.844514,0.76102644,0.52433395
"R_6O3lMRkvlqvND0d",0.5214397139611693,-0.296355658213999,0.05205809,0.83276975,0.87417555,0.8466665
"R_5irmgyVavtHxPie",0.5455082597597279,-0.3676889490517967,0.11181668,0.790123,0.74959785,0.5838763
"R_5xKsaaHp89mQHFz",0.541808401002444,-0.3714855938244676,0.37751234,0.70352477,0.5184733,0.09315231
"R_30UK02rsDb5ebMY",0.5599225969846865,-0.4050517732867229,0.18269104,0.80666476,0.60794646,0.5762704
"R_13wiq0ujIuLudey",0.5572697354018379,-0.3746091220879837,0.30319387,0.6192838,0.2105674,0.10547355
"R_3GKCkeJg5ohvDtR",0.5342008048978477,-0.31067268488614386,0.10826672,0.84261227,0.6880885,0.66580975
"R_5cGKH2jkB3K28Ip",0.5429849296275706,-0.2771810013923298,0.30452284,0.7009418,0.57355225,0.6154304
"R_5nU9g6hSdKJk8Yh",0.5532829847600019,-0.4127824190601913,0.22445217,0.7468839,0.6420083,0.74529827
"R_6ypFoltLaSnk65A",0.5311253577377569,-0.39502547335748506,0.11088664,0.8233292,0.7457078,0.7231486
"R_6pqDSg9FuqJWgDv",0.5740526118139747,-0.3996743172563293,0.048842013,0.84070647,0.69527876,0.7741399
"R_1NUoBXnWmQwpQUr",0.5189027418512103,-0.4717132914352708,0.032863233,0.865629,0.8921434,0.92927635
"R_7iF76LKCRq1lRCH",0.5047060514693055,-0.3635138621032653,0.027442247,0.8552901,0.895189,0.88185143
"R_1IQ8N3ykUUi2urt",0.5508377754405915,-0.3604489293019598,0.2330714,0.65346754,0.69240606,0.58961
"R_5OJtGEwowXt5IeR",0.5001173252156629,-0.38419357828700357,0.26104406,0.76259464,0.8123025,0.4290737
"R_71n4HHr4npWTxJc",0.5723475567598882,-0.398903226296931,0.10522962,0.8619384,0.90214795,0.74015975
"R_6h3JxThRaBGHUWM",0.5470427174652494,-0.40972148203000625,0.25462922,0.84478533,0.8075405,0.8110423
"R_3GODuyc9YnxJjOZ",0.491615632056851,-0.3912127286345443,0.20335422,0.816816,0.8838378,0.6257517
"R_7JhzeDAbyPr5fBT",0.5104151159037937,-0.4538072870951044,0.03062413,0.906054,0.95691574,0.9241767
"R_1pJlOFAv048uV3X",0.5422293780083554,-0.4043501292178852,0.08874765,0.89834946,0.90018106,0.8693277
"R_6r1FqJaVklREKAy",0.5848293970526618,-0.30334355620470493,0.3389984,0.597941,0.6576118,0.5071406
"R_5qHDK7QkdCCSQxo",0.5536760594538972,-0.34583958709042156,0.19124292,0.85448766,0.8264265,0.74358314
"R_6rGnM5qwP3eeQG8",0.4775595205154386,-0.37542772708996286,0.044636376,0.7364893,0.8686648,0.8712319
"R_1lsGVD5hNJez5K7",0.523270603155039,-0.3704854738272297,0.23162876,0.65201765,0.55029947,0.53343624
"R_7YUbpgEzGc56xPj",0.5300125856650751,-0.44870801362108775,0.06421452,0.7644194,0.797937,0.86437106
"R_6waUSpbk6Vx5rHq",0.5198747916759684,-0.2996534638529938,0.21107252,0.8146428,0.80634606,0.77181554
"R_7NrXGBQjnuG8RAC",0.5219967688063841,-0.3912950506369913,0.053295042,0.9055778,0.92790246,0.9006913
"R_13m97q43Alp3dbX",0.54928777607555,-0.3932367574856811,0.37073207,0.7850241,0.77348167,0.7934059
"R_18P0NdGMQ3VDUkA",0.5260435497538674,-0.3994374061958491,0.044388983,0.8501912,0.8848906,0.81222165
"R_7DvBoqM2fA1RGdr",0.600554271890157,-0.3781386260584284,0.1693855,0.33501413,0.44208145,0.42020884
"R_5CIb7DRKsN8usAI",0.5201355572822919,-0.2317069045987465,0.10609736,0.7009418,0.70672137,0.5004572
"R_3MHIyH8hCSb3gel",0.5310922333641919,-0.3678045297442282,0.09872158,0.78083444,0.8471371,0.7811269
"R_3gNmWNN5zIdlkqd",0.527547374034322,-0.4229112878604256,0.025085296,0.8360621,0.8531582,0.8867388
"R_1rnlikxpTfJcnmh",0.5476477635298788,-0.4008270142272597,0.029327808,0.80375975,0.79430854,0.85912514
"R_5EtU1CQapnT3fnb",0.5433271567329421,-0.29918747664336726,0.054531995,0.83770406,0.7173793,0.5668283
"R_7S1qOEA2S8JOTHp",0.563247477801552,-0.38299331508060824,0.18744208,0.6375408,0.66854507,0.5116181
"R_7rudS2eRT7UIBuV",0.5712915627908943,-0.3717715167346274,0.10522962,0.71132517,0.66199046,0.8234406
"R_1uIFC6Q6iFDVMjL",0.5268922425129586,-0.3897223581077163,0.058737632,0.8349658,0.8099247,0.8110423
"R_5HpG6GlCy0FoGN7",0.5337840592593145,-0.33227868538260874,0.10609736,0.7118716,0.7251484,0.59152764
"R_17sB73sNDRLG4xr",0.538563354343518,-0.4081339917060612,0.050078966,0.8879743,0.9098463,0.7544747
"R_5rk3PBIbjofNlVH",0.5134727243348983,-0.2940805026041282,0.014639461,0.7694368,0.76602626,0.6471633
"R_5EWCBNb5klSWdx1",0.5587212769481475,-0.20840201105676748,0.02543884,0.840434,0.87308127,0.9174349
"R_511TJegFjRbg26B",0.5421729686529767,-0.22578365853910218,0.15490346,0.79648983,0.6480961,0.44173583
"R_1NxBzmFNczrLMav",0.5909424925202157,-0.38817900709264014,0.8115627,0.07209374,0.06967372,0.09603746
"R_7CfTKapkDoE3Zqq",0.5210283724017533,-0.35930213932773,0.11129999,0.89834946,0.9145193,0.85210013
"R_6xEPv1tbuZZ7LAu",0.5086847803253457,-0.44922643904767834,0.22846605,0.7937623,0.6495624,0.329258
"R_5itdVpY86XJPsA2",0.5490010127678263,-0.31603506316404306,0.042657252,0.8272818,0.88065386,0.85662574
"R_5exjD1zrGk2Yc6u",0.4881569110630555,-0.3448368909483642,0.15656179,0.8106552,0.86135083,0.8423395
"R_1KISWXaQhXxpqNz",0.5972050858489258,-0.3505518281655783,0.05651112,0.82864505,0.80515003,0.83979774
"R_6HdHJtKp1abvE50",0.5153249929715605,-0.4513050933289202,0.039226998,0.8330448,0.86755043,0.92983305
"R_3q5nysfbKx3CGkN",0.5083912139581475,-0.3725634273345573,0.09568449,0.7348472,0.802752,0.73617536
"R_34k512OFzGXaLrT",0.5665102270217579,-0.3573731480069991,0.12867521,0.82500726,0.7088589,0.4502595
"R_7nIetJWyrsq7Rjp",0.5398037262835456,-0.3333666257903282,0.08479069,0.9036656,0.91359353,0.84584665
"R_190w0CgUBjOjf7Y",0.5609363990686378,-0.33576836955798,0.19504376,0.7811989,0.740501,0.5668283
"R_1EaN55N936g8000",0.5859344819403776,-0.36926801643481283,0.18554166,0.71934277,0.680149,0.68630207
"R_5M5tBRTav0LC1OZ",0.5404399278874357,-0.2930680602330179,0.1991664,0.6896806,0.71950185,0.47185203
"R_5AZuLLOsIEppHel",0.5054640361174774,-0.3231517889218916,0.017969469,0.8081163,0.8619196,0.8852281
"R_5eWoWPD22ONHM0Z",0.54688680086465,-0.41594737521120967,0.043399423,0.82500726,0.8425847,0.90609187
"R_6gbHnlZUXLlmjEl",0.5516821680768514,-0.34314186705815886,0.27236435,0.7521438,0.592596,0.23028909
"R_5NLe4mTGmnEaTbX",0.5734533246565191,-0.36747558706588684,0.16158698,0.65636855,0.6083496,0.62878764
"R_1kQsJgLZhOqTJXH",0.5561743316947171,-0.39248992061067306,0.3308965,0.84668165,0.7991433,0.65025157
"R_5G3TaWoxALUPgVd",0.5451448311181897,-0.3078351918590138,0.1537979,0.65105116,0.60713965,0.28150064
"R_7n0bLCPlqj1IjT7",0.5262658260952212,-0.4023095008185553,0.23343207,0.78994095,0.7647786,0.7333364
"R_1JEEGWrLH5VUkYh",0.5088099444641679,-0.41293500268933575,0.123468354,0.8523428,0.8641838,0.8547377
"R_3qEVwo7SqTMHzl3",0.5249971178036811,-0.3561174719439279,0.2667042,0.7487701,0.47403714,0.6456206
"R_75MwhiSLQwtgu8V",0.5602712052683665,-0.35737145616496735,0.33421695,0.63080466,0.5261545,0.2625746
"R_1DpcL6FimrCTkdz",0.53685292967219,-0.32989340094385505,0.03734144,0.8731958,0.862487,0.85146254
"R_5HtwI037wRitDMZ",0.5130334433594896,-0.3963633921919016,0.1883923,0.82546246,0.7955197,0.7706542
"R_114H8yiYWAHi4Am",0.5252886012680451,-0.3793620924372768,0.032156147,0.57355404,0.759773,0.8617514
"R_3u5wcWd4XZ1SJdT",0.5726319175887157,-0.3345541620943138,0.25462922,0.70932204,0.69456106,0.5705969
"R_1SpNte3y4BrMZWr",0.538323938124452,-0.43467492209536623,0.22177623,0.8157296,0.802752,0.7006543
"R_6YnJHrPwW90nbnH",0.5606767257427142,-0.3434282043880494,0.04067813,0.84097904,0.88593894,0.91623753
"R_1JW4bmqC6os4nm4",0.5434891007121591,-0.4042108541302829,0.04315203,0.7566169,0.81939507,0.78959906
"R_5tL4XcDTn9FyjQd",0.5429399213164429,-0.4070619947426002,0.10566349,0.87474716,0.87417555,0.8672444
"R_1Vrx1rUiwGnmYgh",0.5309451984006041,-0.27492248235239725,0.12260055,0.75177866,0.42576948,0.28150064
"R_51bCnks54JCNX5I",0.5380984408692967,-0.4384635241855732,0.031331215,0.8324951,0.868108,0.9499465
"R_6hxUhG9ZK2Ni4Br",0.5166255260280093,-0.39285126310732116,0.05304765,0.7541749,0.7159627,0.74415445
"R_1lazxFUk00ylVIr",0.5260420087179346,-0.37658206518005155,0.028031485,0.7616821,0.77224267,0.80721223
"R_5PM4zGTjbSRZULe",0.5207302066999097,-0.43324400190768364,0.10089093,0.8798819,0.90409774,0.86428386
"R_5dCW1ifK28ENOud",0.5756758132273291,-0.36894948945329137,0.28312725,0.8073906,0.7710025,0.6207543
"R_3cCzkhAcVqAlQSl",0.5805941271911994,-0.386040954088315,0.4013387,0.7131465,0.53430635,0.34852296
"R_3eQCFGfovBD8t7r",0.5177124116645063,-0.3773075334861749,0.044883765,0.7687072,0.71454453,0.7378816
"R_6xuUEp2IOw88gr7",0.5864822643103557,-0.3719404075332723,0.08953904,0.86325896,0.8217459,0.7305031
"R_5fCMYexT386XL6L",0.5297359143445444,-0.40061206614099426,0.31825066,0.8382507,0.87308127,0.8060347
"R_3pUqKzyMpJEo6S5",0.5396433265880898,-0.43214053944066383,0.05725329,0.8637865,0.85595626,0.8483992
"R_7U3IIxW5bbC0uEF",0.5288345963287457,-0.29433973761995885,0.15490346,0.7416,0.6539561,0.67208445000000006
"R_3eK5GRYjXt1GVSV",0.5494380457125586,-0.3735681524035716,0.063027434,0.7142396,0.672904,0.8632367
"R_1Wrbcdi8DKYfetb",0.5186189766485082,-0.30918444845875487,0.11223003,0.8587562,0.8471371,0.8512427
"R_5n948MomZmIeLk5",0.549998962291324,-0.3897061030593702,0.102626406,0.87629336,0.81111443,0.8569329
"R_6DYCegCyPaf7x48",0.5183662463182982,-0.36813727161030696,0.054779384,0.85287964,0.8890605,0.79780436
"R_6fujyDjOmNFGWgF",0.5404795325721385,-0.354246420068378,0.112850055,0.7416457,0.64353657,0.5876961
"R_3Crzg1FQRylYgbf",0.5342989185680546,-0.3251429718880742,0.039226998,0.76295954,0.68880856,0.42474672
"R_1mWW8QlSsmsSMfX",0.5639568395608883,-0.30630439199784126,0.36095104,0.7866636,0.36303192,0.34367627
"R_7CC8Y8BGAmnN9Aa",0.5490217148062749,-0.31812467522553933,0.20265625,0.8859664,0.8229188,0.7706542
"R_7lI3Wqip8hHXHQl",0.5221874587391974,-0.26530325804611854,0.045131154,0.93325436,0.9473564,0.8767391
"R_5PUDywq73kUfdaP",0.5201040942276567,-0.4387700403817734,0.028856417,0.8244001,0.8900925,0.9489925
"R_11szvP468hpcdNu",0.555110079037649,-0.338479385691334,0.08953904,0.74173695,0.65029544,0.5819706
"R_3qqIGlTeZQ7m9EZ",0.5552702527081215,-0.3848070196242521,0.016964182,0.7524406,0.8900925,0.9168371
"R_7YwPkM7juLFjYqZ",0.4919786614914092,-0.35251514353229074,0.12520397,0.81717837,0.85595626,0.6626846
"R_6LYaWqCioWsiyBc",0.5588425360850756,-0.3635526988783792,0.059232414,0.6713905,0.7173793,0.6225339
"R_627rKMwqpB11j2x",0.5278837194636896,-0.4531772930909981,0.103494145,0.6597561,0.48111495,0.7378816
"R_1eeOQ3Rc8ub0yJP",0.5458550929653782,-0.37012765248602136,0.0969861,0.9163466,0.9050664,0.64870656
"R_1q4OeMKOr9eEeK7",0.5198818230468993,-0.4176466451589513,0.043399423,0.745092,0.8763513,0.85260576
"R_3VHT1hvwEXTjhsd",0.5280809470326587,-0.38363074924185553,0.058490243,0.82925045,0.8619196,0.88957566
"R_7sbx3JupmPluTN2",0.4982937938365338,-0.4344580522754089,0.029445656,0.8501912,0.8240899,0.8392503
"R_332LtEtIUIZfg5z",0.5489854387314447,-0.39201516290840294,0.147767,0.647187,0.7967292,0.5004572
"R_3oAs0usx3MxdmjY",0.5534275617901979,-0.34781057255575887,0.681338,0.26778153,0.2006432,0.026097063
"R_77C3A0FoVOMBLKB",0.523105652669217,-0.4654663028902137,0.3389984,0.43885556,0.1475886,0.23028909
"R_6rijmI66GTeKSZ5",0.5250710415092364,-0.28112887215991966,0.19409354,0.5859622,0.5125187,0.5537299
"R_3rZY6dCr18ahI76",0.5185257305471583,-0.32078085523093836,0.115658075,0.7824734,0.7391736,0.63335454
"R_3ASDeYmsYrIZTy1",0.5621815219544061,-0.3667907068380543,0.10653123,0.8507296,0.7906666,0.5934472
"R_75ut8jdzHdcLrSG",0.5313476207929859,-0.35027948652528096,0.25462922,0.8368835,0.71454453,0.66580975
"R_1u7k1bv0gJwAubL",0.5097300069201692,-0.36663513080338556,0.012440401,0.87423044,0.894178,0.8894094
"R_3pTZWvwLqkDVnoZ",0.5556969067674573,-0.3235237137896269,0.24282593,0.789395,0.6750802,0.46750137
"R_6rAhvkdzJa81qPa",0.5296409364178551,-0.2855203269841251,0.10913446,0.7076838,0.69456106,0.6626846
"R_6pa26xTJa5g4gRA",0.5444858902830918,-0.3076884629417551,0.18744208,0.8731958,0.8333943,0.7516008
"R_6Kg7BZD0jBYtAQE",0.5565190604120159,-0.4386899711225136,0.3389984,0.8272818,0.68664736,0.65025157
"R_3CrMsxm6sZr5TwU",0.5560924179676643,-0.3233783318022533,0.2667042,0.865629,0.7845626,0.67208445000000006
"R_5dL8Z0HDy1Timg6",0.5443798750207733,-0.3774816098079926,0.056263726,0.68110627,0.53539026,0.20358625
"R_5roow5YjDSYWuGQ",0.5427015385618639,-0.396878962128553,0.30452284,0.87834746,0.7391736,0.7070741
"R_7npTMJ7YkvTaXk2",0.561510644749695,-0.44261609545969227,0.22980402,0.7560235,0.7857864,0.71336824
"R_3awskVnfQI8XBNd",0.5589595917389346,-0.413775718318086,0.13908891,0.82394457,0.6168107,0.7171226
"R_1BBUO3DZrg8ffgJ",0.5731540263481074,-0.31463381169545945,0.39915034,0.5077582,0.49821466,0.21677895
"R_5eBMbzLPG4DkgoN",0.5521578266474929,-0.3539834637808198,0.10175867,0.86167395,0.87851095,0.72993743
"R_5sYbGJEP5XQQn0R",0.49843683016029894,-0.36077020381959746,0.028149333,0.78757405,0.74310714,0.89746326
"R_7PB248WeQbc1K25",0.5476014505165981,-0.33530613777479396,0.16098402,0.86273116,0.85385936,0.7464419
"R_5I5hnzQVg6lVBOD",0.5483251550135572,-0.3645163084881805,0.3302291,0.86140937,0.7833373,0.66112393
"R_7mdw8BMSS9LgwWd",0.5116798685709995,-0.39122304509289885,0.030506283,0.6385043,0.7784225,0.84677106
"R_3pWhz0XBJEwJMAl",0.5297730241932477,-0.36955043350297345,0.19219314,0.6486358,0.49925846,0.6974527
"R_6k2f4eLV02tlgGW",0.5337177133088801,-0.3639856435870861,0.2854699,0.8313956,0.7483027,0.5762704
"R_1r8iPl3FmONcon7",0.5669173790845954,-0.3559047489230185,0.2854869,0.85981894,0.7759547,0.6154304
"R_5guXzHQaJqdybxs",0.5424040619528251,-0.4014002863179687,0.11181668,0.8839479,0.86078155,0.8688942
"R_5f3HKPJYwRn0HgR",0.5278262765562405,-0.4175735977570278,0.011183795,0.7837487,0.7967292,0.83768684
"R_8lxkArfwGzNRBW7",0.5055860213354392,-0.35859202134407453,0.04216247,0.859022,0.8869836,0.8678527
"R_3uZDQbZNvxwiQRa",0.5720939086789958,-0.31649548788992155,0.27525392,0.879371,0.8838378,0.7078785
"R_7dopg6lFglYlhCX",0.5429953902606739,-0.40680158184869936,0.06263174,0.90318584,0.95036954,0.87998325
"R_3EZr3U1tVuYyILi",0.5426269426433138,-0.37775548862903724,0.025320992,0.6815924,0.8123025,0.8734755
"R_5cPeVB4qlBMrp5L",0.5232428497579571,-0.3273927317267303,0.17891699,0.86798906,0.88278073,0.8407361
"R_7urYKgYMgGnj6bT",0.5759126905432224,-0.31271262389850873,0.15435068,0.775547,0.5994692,0.44173583
"R_1enOmgC6E6agqZ3",0.538631106733309,-0.3474284720653703,0.3389984,0.34240255000000003,0.23423527,0.54077375
"R_7rZKCcSvCZUyyWJ",0.5081049452302556,-0.36641141393176735,0.24442963,0.84830356,0.871983,0.63182990000000006
"R_1Ryg9EHiGoLZSYm",0.5608801202211412,-0.3384077784900781,0.11181668,0.8300067,0.84940207,0.7683344
"R_51mPxVlwyULJ1LR",0.5592122227790856,-0.4004704472748268,0.034041706,0.8374306,0.90794706,0.95815164
"R_1NVD7rO5CQEGf2F",0.5382325881684032,-0.44084335327275165,0.027088705,0.72426564,0.86011815,0.9110691
"R_3y2hnhNj2ACCgEZ",0.5207464242442873,-0.3941083029319274,0.47886392,0.6346519,0.5595441,0.30048501
"R_6NLmGyNDYyO2xjz",0.5340347899305324,-0.3691257522206778,0.1537979,0.63272786,0.7808826,0.85102284
"R_3nGc047SP1CYvsJ",0.5598939868791158,-0.30420313155314865,0.103928015,0.85422,0.800348,0.5049093
"R_7SJoJXQU6LNG2P2",0.5252805605114705,-0.32346911722131483,0.15269235,0.81029254,0.67797804,0.7070741
"R_5DZsH34Rqo3lsml",0.5270933480284156,-0.46095194841502973,0.031213367,0.83633596,0.8437263,0.8473403
"R_1hJqxcIEmgXmasx",0.5529574171836008,-0.37664407954629414,0.049336795,0.71733785,0.793096,0.8887437
"R_65Xjnqcyy52UJZa",0.5556550134817,-0.31788545779712635,0.28547668,0.8450565,0.7784225,0.7596595
"R_1xKPLUZWzmn6jEJ",0.5495854016696029,-0.3594590618281682,0.2359567,0.71168935,0.5309372,0.4893925
"R_7xzvQkf823kb1Gx",0.5324452455490791,-0.41804012555182585,0.09438288,0.3240189,0.37944743,0.85684514
"R_1myJQyhkwvkh8N7",0.5463961657264783,-0.364240005976169,0.25462922,0.83098304,0.68664736,0.7293719
"R_8F34EA2u2qdwbtD",0.5403489789076467,-0.4377116566805536,0.09525062,0.8453275,0.8594275,0.86924106
"R_1QH5rfpkt6lgWLy",0.5589064242693534,-0.4149620702041671,0.25915736,0.8142807,0.6931246,0.8428088
"R_3dLSQHmGbPlSYIj",0.5514003954012401,-0.4031283242648305,0.37751234,0.829553,0.52307117,0.55745804
"R_7Sevs8dhBTXTCSd",0.5784112580881937,-0.37124628618185307,0.18554166,0.6154513,0.6880885,0.6564528
"R_3Mxi9UJByYTzk9X",0.5476858192970869,-0.3530775133919812,0.071337044,0.891465,0.9126629,0.9168371
"R_32VA2cUPcG6qHN7",0.5235173733062339,-0.38719565407417694,0.2412222,0.695778,0.4231288,0.40223753
"R_3CeBJT4sdy2f7Ty",0.5641482967840763,-0.44811524245106166,0.4402136,0.5455778,0.5007195,0.5611979
"R_5Log53PEAwObD8Z",0.5598882679117745,-0.4359159864549397,0.09915545,0.86220276,0.8763513,0.8457311
"R_74eogjpYw9FOUEx",0.5042152163760426,-0.34954643977403,0.07608539,0.8731958,0.8774332,0.62878764
"R_7PcPdYlEIGhAtru",0.6234056962168085,-0.3133453521564452,0.11129999,0.7542661,0.76227844,0.4871909
"R_1mwrGWHYW16G6mG",0.5345548819124157,-0.3346298097786573,0.037105743,0.82622075,0.8039515,0.8394849
"R_10kbwT2lBXehj6p",0.5014167995352866,-0.39778005007978656,0.039462693,0.83167064,0.76227844,0.6564528
"R_7G6OVMX73D75fSm",0.5657263121757423,-0.29266489827210895,0.19893374,0.7451148,0.55913776,0.6471633
"R_6vW5jV0Sx7jLf57",0.5391484459369632,-0.33039549324876677,0.2043827,0.7368543,0.68520534,0.5426158
"R_3aMGM4792aelEwV",0.579971837247159,-0.3725303267380221,0.20009702,0.8674655,0.8817194,0.793992
"R_6osP2rmjlJRYAWJ",0.5425109909407364,-0.3195358166431149,0.13388206,0.65636855,0.4561694,0.658008
"R_7rDfdRfCVArEWfz",0.5882420576706061,-0.30876447573545357,0.17891699,0.8814113,0.8566528,0.7863818
"R_5Socmj9QZVOuD69",0.5511904670570169,-0.2964423209403593,0.014827953,0.82803935,0.8545592,0.8808334
"R_10vCsjQmaDlMKc6",0.5588821861502931,-0.3628945460240472,0.16678599,0.816816,0.8087333,0.7322025
"R_1dF9uNEyUhrdYVw",0.5150927014460022,-0.3689524435319718,0.08716487,0.8645769,0.8310783,0.84320045
"R_7YaI8IvXKVsdbxw",0.5138450422227084,-0.37176236283451847,0.050821137,0.8248555,0.8217459,0.84804714
"R_54iPZAVfbRNWcUs",0.5257440771557567,-0.3654879088769326,0.015581916,0.8368835,0.8039515,0.83854663
"R_6sTreUN9jJWMUaz",0.5305415632848479,-0.41185986883010917,0.25462922,0.8233292,0.65615064,0.52433395
"R_33wCI8TZlErX1D8",0.5695011873946951,-0.3437987632765216,0.17285149,0.7692544,0.7672726,0.77355856
"R_1GFaXGlWPGhlHkB",0.5752207518053217,-0.3855800277026958,0.5024724,0.65782,0.269023,0.21677895
"R_6g8cByhhz60ynuE",0.5567113880696353,-0.2632834131161571,0.25462922,0.82667553,0.63894874,0.25789687
"R_63WeYXC4DzOICpL",0.567167643922527,-0.3816055595749565,0.5024724,0.7611347,0.50051075,0.10931719
"R_3wdJgyjrlSrhv8M",0.56927396072841,-0.31556237211417887,0.2540519,0.8226061,0.7882295,0.65025157
"R_6LkuYVRlUOBqf1m",0.5432042772925529,-0.4115641151697177,0.13214645,0.8338685,0.8075405,0.63182990000000006
"R_1iOyAINsBXVTlky",0.5732173232153858,-0.38976140376879354,0.25462922,0.8458695,0.80634606,0.5762704
"R_1Q3ZU8GFsnIy3pw",0.5337674800712139,-0.32931237026871396,0.23379272,0.8420681,0.7307748,0.64408094
"R_7qdv6Ntbb42CZXN",0.5617535259695084,-0.2900462373838263,0.2854733,0.57772255,0.39771527,0.67838573
"R_5q1XbDNUemxUnoB",0.5344259174242985,-0.42684458754828286,0.049584184,0.78174424,0.76227844,0.68471515
"R_5oVESNQzghVkhRD",0.5552900244286763,-0.394943181106922,0.016210219,0.7877562,0.8299177,0.8853961
"R_5EWiOWGkFx2CuHR",0.5027188043987866,-0.36951927990107414,0.05354243,0.85153663,0.88593894,0.85894984
"R_3n2ZXIwX9cd0KK9",0.5242857720026253,-0.38609020024742,0.12086493,0.738816,0.759773,0.844136
"R_7MmVjoBYGxHJ1uT",0.4966358910087819,-0.492816147283687,0.04735767,0.46992385,0.39771527,0.8367605
"R_3EGVu4ZlMFGazXb",0.5584711036863517,-0.38812511618482587,0.042657252,0.86273116,0.8817194,0.8381558
"R_3B9ElI4s0NlzuqW",0.5195297300738443,-0.3291571418967395,0.036162965,0.865629,0.8880243,0.9110691
"R_53dv0nP6blImXD3",0.5407638659416532,-0.2592651408265518,0.32020867,0.7023504,0.64047927,0.4982369
"R_3LneKB70X8kfPxE",0.5465746397429422,-0.3148202197508389,0.47772613,0.70000297,0.36303192,0.038589705
"R_5NDng6NhUfFgfs8",0.5560029288425491,-0.3804452625301082,0.2667042,0.847493,0.84600186,0.8482452
"R_7s0zMiSx9MPuFyS",0.5302341388104642,-0.32367137892276837,0.16331999,0.8884749,0.8817194,0.7390203
"R_3LXqb0EPopVQESH",0.529330155210498,-0.39980680353625425,0.36095104,0.7467356,0.62605745,0.4502595
"R_3cfaCZdh5z9GIOB",0.568312088945966,-0.38629980544304476,0.14256015,0.48767924,0.55395657,0.6154304
"R_50eQVY3H5MBVKr7",0.5708492710930938,-0.3639967259294217,0.26859093,0.5621215,0.3777138,0.15705985
"R_5iDbZcMIhhQxFZ2",0.5122612553539895,-0.43874287634438935,0.104361884,0.7564342,0.60189205,0.45454627
"R_5qahFuVNiJCOBMJ",0.4992663247920894,-0.41955021882141047,0.09481675,0.6985936,0.6678177,0.8303925
"R_36S2dLf0qYye7Ad",0.5320860059709714,-0.3165979692624391,0.062236045,0.8864692,0.82057154,0.8101583
"R_7CT6UaNmLhyjUxp",0.5368692642976922,-0.3800734542792091,0.29771072,0.7402308,0.4859076,0.48279697
"R_1rnEqQmaIx3kM5H",0.5104779020273049,-0.3639594545813518,0.32289913,0.6728466,0.6495624,0.5370989
"R_2DdgEGLcphtp4hX",0.5758469728360596,-0.34619375941228475,0.21642438,0.77199036,0.74310714,0.3196519
"R_1p5NKlcZfZYwAEb",0.5493260610107193,-0.42241727096362697,0.09033044,0.790487,0.75851816,0.77007395
"R_5iKoL4YnFGC2VRO",0.5525512918406519,-0.3513541052159463,0.3367073,0.9046232,0.8817194,0.72088635
"R_1eKvnqa9S3OC5Rx",0.5227432268130583,-0.3973445511002719,0.30716252,0.74100655,0.62284344,0.23483545
"R_8qslm4ThkgaDCTz",0.5340144324633531,-0.35184432475677513,0.063027434,0.88293505,0.9434993,0.8779369
"R_3hzPchLcJzN03s8",0.5754994783607531,-0.36477398881035655,0.10609736,0.78648149999999994,0.8402985,0.77007395
"R_3HTM0vgw3jyQyFX",0.5512138983727995,-0.41726557957266425,0.30539915,0.54454803,0.66199046,0.676808
"R_7Rlu6w7jw3Xcuqs",0.5868430790081396,-0.39995078443880144,0.033806015,0.8637865,0.9088989,0.84642434
"R_7lJkoftAkOhN2lH",0.5438147926588727,-0.3724132596177617,0.23090743,0.87059927,0.8545592,0.6564528
"R_12qUTPWUHwpc9jT",0.5544713102228653,-0.36820366645539127,0.077668175,0.90222394,0.898197,0.8515285
"R_3Oruqx0wpBNbmPK",0.5583019545411458,-0.3078109133585576,0.4014846,0.79176104,0.69384307,0.5819706
"R_7HpKeLs0sujJO3W",0.5231123276056692,-0.30535304649104417,0.20032968,0.85153663,0.7547452,0.5992224
"R_1NvcTvkxk4UfwJz",0.507714649723972,-0.36585288085698253,0.051563308,0.891465,0.90409774,0.7878438
"R_5ts4MzZD8mkCzUq",0.5367975687399584,-0.36868348977033644,0.22846605,0.8731958,0.75347614,0.41568857
"R_5DnDRWOpIk0NWc8",0.5475368335268882,-0.40971158790270423,0.2553839,0.8635228,0.86135083,0.72465837
"R_7sTIGhA3saZBmud",0.5751517954252492,-0.32173560806959045,0.36095104,0.597941,0.51523525,0.36811587
"R_3MhQC2xGUVVqlg9",0.5496364218918792,-0.325315677607922,0.16678599,0.7268191,0.5408216,0.17363873
"R_1duZCLNodiWMMj8",0.530559745607231,-0.28740422994338194,0.034277402,0.63176626,0.46738273,0.10042392
"R_7gp9zJqD2DSGvQS",0.5539398360013812,-0.3918558567909606,0.033334624,0.8721589,0.8848906,0.8852281
"R_7QQfpNGvbqmzLay",0.5459739699304891,-0.37190963869032867,0.029092113,0.6404325,0.6055261,0.6456206
"R_27I1OkwYdAv1a1p",0.5013630235300068,-0.4122304482188544,0.10783285,0.8428841,0.84940207,0.5500138
"R_3afkC5l7Kgh0fWV",0.554725882516913,-0.36400407244404326,0.13041082,0.78721,0.6765297,0.57816774
"R_5DNosIhQ5plKrJf",0.5439620514119161,-0.34437137996613715,0.18079062,0.82667553,0.7894488,0.7660173
"R_1mm8btsVSXdwbfH",0.5302022669751758,-0.36083455618745536,0.055768944,0.9117124,0.8641838,0.8501869
"R_6RhVAZovH3YwCul",0.6354478819847775,-0.373440977057122,0.42985553,0.7766411,0.47570133,0.44173583
"R_1Ljr5eKZJ2xou2W",0.562423985449176,-0.3048491982219279,0.4398409,0.4485011,0.43546247,0.1863346
"R_52AbJXAy8KXiB4P",0.5331634266670592,-0.34485385667897056,0.23812068,0.8988362,0.88065386,0.79663056
"R_7f0x0NZyCsFUYeI",0.5476193087823108,-0.3523593163200128,0.10175867,0.87059927,0.850532,0.4982369
"R_5tpNkaz2yD1tmed",0.5259771467971823,-0.3996347094546325,0.07371122,0.83098304,0.90214795,0.8494169
"R_6Tpz1ejnSk7OYb4",0.5259545504768625,-0.32338040024032055,0.033806015,0.82561415,0.77965313,0.81546646
"R_1X5lRMLHc9FEiCZ",0.5296781283082667,-0.3777274072541019,0.19939905,0.8695568,0.74959785,0.71336824
"R_1PRmYzU1SzbYBqh",0.5595684097351407,-0.2669822153811698,0.20705862,0.7383143,0.6794257,0.36318657
"R_3F3309EOxdtfVBI",0.5531913094627637,-0.39180415043601086,0.03875561,0.8278879,0.8763513,0.873992
"R_78GxuYEFyozQTSH",0.5557685862376089,-0.37635370817066593,0.14256015,0.86536616,0.81467384,0.42020884
"R_3XhbbRF3WBZMVsK",0.5351743481485,-0.33640280612973894,0.09785384,0.8179022,0.80515003,0.5207141
"R_7jy6CyUT3hK2QQp",0.533989958701665,-0.349818557249187,0.19986437,0.8204357,0.66999924,0.37803748
"R_6pavmFrrZeyhMAM",0.5368398549216314,-0.43326585898652903,0.030977672,0.73804045,0.8545592,0.8767391
"R_1LnwXBm90BidxCh",0.5492673704770681,-0.41734096688778655,0.019351736,0.742604,0.82525903,0.90765864
"R_5ML1uP4sCylDX04",0.5440006018853044,-0.492751424689784,0.25462922,0.829553,0.8391525,0.8139912
"R_5Em0MKzN2V2MbTN",0.5206315714689334,-0.44220185103445486,0.045625936,0.58895266,0.6397147,0.80015343
"R_1BuzBRmXThK1x8B",0.5060353665615097,-0.37033429344678875,0.0201057,0.6806202,0.82057154,0.86820006
"R_7UO6QJIYtXm9jyh",0.550976318546018,-0.37712162672642213,0.02638162,0.86061466,0.8869836,0.84832776
"R_5rHWHCclUMUTG4u",0.5376159292565355,-0.4515207047156054,0.31547862,0.8571585,0.83223706,0.79077
"R_7oe7jcCsUFR0RaH",0.5431295138165596,-0.31451269920367486,0.16765249,0.6892118,0.75851816,0.33884993
"R_72u3byFNGYmx1b4",0.5325590610186095,-0.3989236701804389,0.029799197,0.7674303,0.797937,0.90765864
"R_73lbF7bZJnP5CW5",0.5199689611556425,-0.2956804206039312,0.058737632,0.88495827,0.8838378,0.8237362
"R_7ZPud24bSTMUCXv",0.543328942195119,-0.3351673776165326,0.1460314,0.8619384,0.7483027,0.7171226
"R_7WHBNWJz9JxfagJ",0.5597282996147451,-0.42128164637380616,0.032627538,0.8428841,0.8880243,0.9045151
"R_6nItRHSgYxHXwTh",0.5473838317494545,-0.366678681132152,0.031213367,0.87732154,0.93629813,0.93635726
"R_5SprHJrb19mqznr",0.5751590064462981,-0.29595827319161394,0.15545623,0.7757293,0.7159627,0.62878764
"R_1idPj1x6d5RTGnv",0.534160389549004,-0.4500589126900691,0.021196328,0.8298555,0.9172722,0.9113765
"R_5IznB61JqnXxRHO",0.5394738888730295,-0.3670893066450364,0.050573748,0.79285264,0.6758049,0.45454627
"R_3q21E8QPe0nuG9X",0.5413503434274202,-0.42343996326211597,0.115658075,0.85609144,0.871983,0.86445826
"R_3JgS9St73Abe5EF",0.5435327582403068,-0.33777530310230547,0.65996873,0.77262884,0.48945192,0.26727372
"R_1Uc4GnW5LoF9lsM",0.5348663258251876,-0.3255603028539455,0.11479026,0.8499219,0.8368549,0.83995414
"R_6jHuYBi49tgVA8V",0.5322580145452988,-0.4339089477193343,0.02343543,0.7614085,0.8448651,0.8556159
"R_6kFuvXCYOfiY72p",0.5747238132588196,-0.29084180465143966,0.32182294,0.51588154,0.19735341,0.10547355
"R_6CQadaZA9T8vEtK",0.5109085829201604,-0.3207441769952059,0.20839658,0.9158866,0.862487,0.76081395
"R_2Du2p9ouPY29sBc",0.5714844213271536,-0.3942382192555104,0.030388435,0.8520741,0.9011666,0.89746326
"R_3ycgkZVxPTVmfcJ",0.5566472463152862,-0.4186437698176382,0.04315203,0.87371343,0.9126629,0.8884104
"R_6NVPkYrgGPs1YOG",0.5202788087526571,-0.35253964385518144,0.071337044,0.8924565,0.88593894,0.73276925
"R_6h2ZKnttL3BulJn",0.5340459785333282,-0.32112954722782194,0.165053,0.8077535,0.8310783,0.68948036
"R_317BR7BBrETftyd",0.571365537392054,-0.3893761771323463,0.020607091,0.8233292,0.93046504,0.9598823
"R_7pokVVV65cRVEjg",0.5669851226521737,-0.3772229038806333,0.33504707,0.77244645,0.8391525,0.7223943
"R_31A6FqXrUbbRlCs",0.5016279870359864,-0.425220062806383,0.025203144,0.721895,0.6443003,0.8436302
"R_6MznRC1ALlTNJxP",0.5402142923157338,-0.416981858724725,0.028385026,0.8509987,0.93131083,0.9541347
"R_1eVsm9IPZgKAoic",0.49961457759681627,-0.26353483875151534,0.0438942,0.8959059,0.8402985,0.79927236
"R_11WrcivEcbs2gzB",0.5110008120293699,-0.3948563623471979,0.17111848,0.80593866,0.752185,0.82314515
"R_562PY2W3TnIr1CY",0.5384116475728139,-0.36690955631840416,0.05230548,0.86087966,0.91635865,0.8554402
"R_3TZfEgJ7vLPaXe1",0.5283753984587437,-0.40606120659854006,0.050821137,0.85928774,0.92266345,0.8547816
"R_7KSJPM8PgdNmS65",0.5369482817799907,-0.43888325064808437,0.023553278,0.8081163,0.8448651,0.86906767
"R_1bil8ihLQdn5fK9",0.5408011397102821,-0.433718121007803,0.017089844,0.7721729,0.91359353,0.9079707
"R_7PdREzw5I1TOUp1",0.5501426592451749,-0.4414472634390724,0.029917045,0.88495827,0.9450544,0.9347537
"R_8WAbVcGRPCUdkHn",0.5258413281864566,-0.45922664821671144,0.019100413,0.7997626,0.8240899,0.9067199
"R_5E7oAEL7fp0xsiX",0.5149925411457581,-0.41828028185381133,0.03734144,0.8721589,0.92790246,0.8867388
